iter	Logloss
0	0.6286736582
1	0.583882429
2	0.5456011682
3	0.521121145
4	0.5049586068
5	0.4930288489
6	0.4718513429
7	0.4571508524
8	0.4543088417
9	0.4395984047
10	0.4340452321
11	0.4265301623
12	0.4162453114
13	0.4010873577
14	0.3937838076
15	0.3895909771
16	0.3840681032
17	0.3793244755
18	0.3739708164
19	0.3630789963
20	0.3571022936
21	0.3427409042
22	0.3340418345
23	0.327589571
24	0.3169733151
25	0.3120450031
