iter	Logloss
0	0.6179897315
1	0.5725462281
2	0.5433406997
3	0.5055448584
4	0.4855267825
5	0.4584876907
6	0.4393827686
7	0.423922114
8	0.4121797443
9	0.3995745158
10	0.3915908958
11	0.3816032303
12	0.3739173123
13	0.3676356464
14	0.3597303091
15	0.3519555868
16	0.3478634225
17	0.3422341762
18	0.3366307604
19	0.3294997726
20	0.3250783737
21	0.3171150219
22	0.3088043236
23	0.3055725148
24	0.2988172423
25	0.295942201
26	0.2895136385
27	0.2813293993
28	0.2760646706
29	0.2681182691
